"Paper #","Paper Name","Meeting","Status","First released version","GitHub issue","Notes"
"`P2497R0 <https://wg21.link/P2497R0>`__","Testing for success or failure of ``<charconv>`` functions","2023-06 (Varna)","|Complete|","18","`#105357 <https://github.com/llvm/llvm-project/issues/105357>`__",""
"`P2592R3 <https://wg21.link/P2592R3>`__","Hashing support for ``std::chrono`` value classes","2023-06 (Varna)","|Complete|","22","`#105358 <https://github.com/llvm/llvm-project/issues/105358>`__",""
"`P2587R3 <https://wg21.link/P2587R3>`__","``to_string`` or not ``to_string``","2023-06 (Varna)","|Complete|","","`#105359 <https://github.com/llvm/llvm-project/issues/105359>`__",""
"`P2562R1 <https://wg21.link/P2562R1>`__","``constexpr`` Stable Sorting","2023-06 (Varna)","|Complete|","21","`#105360 <https://github.com/llvm/llvm-project/issues/105360>`__",""
"`P2545R4 <https://wg21.link/P2545R4>`__","Read-Copy Update (RCU)","2023-06 (Varna)","|Complete|","","`#105361 <https://github.com/llvm/llvm-project/issues/105361>`__",""
"`P2530R3 <https://wg21.link/P2530R3>`__","Hazard Pointers for C++26","2023-06 (Varna)","|Complete|","","`#105362 <https://github.com/llvm/llvm-project/issues/105362>`__",""
"`P2538R1 <https://wg21.link/P2538R1>`__","ADL-proof ``std::projected``","2023-06 (Varna)","|Complete|","18","`#105363 <https://github.com/llvm/llvm-project/issues/105363>`__",""
"`P2495R3 <https://wg21.link/P2495R3>`__","Interfacing ``stringstream``\s with ``string_view``","2023-06 (Varna)","|Complete|","19","`#105364 <https://github.com/llvm/llvm-project/issues/105364>`__",""
"`P2510R3 <https://wg21.link/P2510R3>`__","Formatting pointers","2023-06 (Varna)","|Complete|","17","`#105365 <https://github.com/llvm/llvm-project/issues/105365>`__","Implemented as a DR against C++20. (MSVC STL and libstdc++ will do the same.)"
"`P2198R7 <https://wg21.link/P2198R7>`__","Freestanding Feature-Test Macros and Implementation-Defined Extensions","2023-06 (Varna)","","","`#105368 <https://github.com/llvm/llvm-project/issues/105368>`__",""
"`P2338R4 <https://wg21.link/P2338R4>`__","Freestanding Library: Character primitives and the C library","2023-06 (Varna)","","","`#105369 <https://github.com/llvm/llvm-project/issues/105369>`__",""
"`P2013R5 <https://wg21.link/P2013R5>`__","Freestanding Language: Optional ``::operator new``","2023-06 (Varna)","|Nothing To Do|","","`#105370 <https://github.com/llvm/llvm-project/issues/105370>`__","Makes hosted-mode allocation guarantees implementation-defined (not required) for freestanding's default ``operator new``/``delete``; does not remove any declaration. Verified this fork's malloc/free-backed default still allocates/deallocates correctly under a ``-ffreestanding`` compile+link+run probe, so no behavioral change is required. See spwn02/clang-cxx26#23."
"`P2363R5 <https://wg21.link/P2363R5>`__","Extending associative containers with the remaining heterogeneous overloads","2023-06 (Varna)","|Complete|","","`#105371 <https://github.com/llvm/llvm-project/issues/105371>`__",""
"`P1901R2 <https://wg21.link/P1901R2>`__","Enabling the Use of ``weak_ptr`` as Keys in Unordered Associative Containers","2023-06 (Varna)","|Complete|","","`#105372 <https://github.com/llvm/llvm-project/issues/105372>`__",""
"`P1885R12 <https://wg21.link/P1885R12>`__","Naming Text Encodings to Demystify Them","2023-06 (Varna)","|Complete|","","`#105373 <https://github.com/llvm/llvm-project/issues/105373>`__",""
"`P0792R14 <https://wg21.link/P0792R14>`__","``function_ref``: a type-erased callable reference","2023-06 (Varna)","|Complete|","","`#105376 <https://github.com/llvm/llvm-project/issues/105376>`__",""
"`P2874R2 <https://wg21.link/P2874R2>`__","P2874R2: Mandating Annex D Require No More","2023-06 (Varna)","|Complete|","12","`#105377 <https://github.com/llvm/llvm-project/issues/105377>`__",""
"`P2757R3 <https://wg21.link/P2757R3>`__","Type-checking format args","2023-06 (Varna)","|Complete|","","`#105378 <https://github.com/llvm/llvm-project/issues/105378>`__","Closed 2026-09-07: added basic_format_parse_context::check_dynamic_spec<Ts...>/check_dynamic_spec_integral/check_dynamic_spec_string, letting a user-defined formatter's parse() validate a dynamic width/precision argument's type at compile time. Verified via three standalone compiles: a well-typed dynamic arg compiles and runs, a wrong-typed one is a hard compile error at the std::format(...) call site, and a directly user-constructed format_parse_context (no type info threaded through) always fails to be a constant expression. 2026-10-05 (#245 G02): in C++26 mode the public constructor is now exactly basic_format_parse_context(basic_string_view) ([format.parse.ctx], num_args_ == 0; C++20 and C++23 keep the num_args constructor, so calls of next_arg_id, check_arg_id and check_dynamic_spec on it are never constant expressions); the library builds its own contexts through a private factory."
"`P2637R3 <https://wg21.link/P2637R3>`__","Member ``visit``","2023-06 (Varna)","|Complete|","19","`#105380 <https://github.com/llvm/llvm-project/issues/105380>`__","Change of ``__cpp_lib_variant`` is completed in LLVM 20. Change of ``__cpp_lib_format`` was blocked by `P2419R2 <https://wg21.link/P2419R2>`__ and P2757R3 -- both implemented 2026-09-07, unblocking the shared FTM bump to 202311L."
"`P2641R4 <https://wg21.link/P2641R4>`__","Checking if a ``union`` alternative is active","2023-06 (Varna)","|Complete|","22","`#105381 <https://github.com/llvm/llvm-project/issues/105381>`__",""
"`P1759R6 <https://wg21.link/P1759R6>`__","Native handles and file streams","2023-06 (Varna)","|Complete|","18","`#105382 <https://github.com/llvm/llvm-project/issues/105382>`__",""
"`P2697R1 <https://wg21.link/P2697R1>`__","Interfacing ``bitset`` with ``string_view``","2023-06 (Varna)","|Complete|","18","`#105384 <https://github.com/llvm/llvm-project/issues/105384>`__",""
"`P1383R2 <https://wg21.link/P1383R2>`__","More ``constexpr`` for ``<cmath>`` and ``<complex>``","2023-06 (Varna)","|Partial|","","`#105385 <https://github.com/llvm/llvm-project/issues/105385>`__","``<complex>`` is done, and the achievable P0533R9-class ``<cmath>`` overloads are constexpr-usable (with the bounded ``remquo`` evaluator limitation recorded in the P0533R9 row). LWG3834 ``imaxabs``/``imaxdiv`` are constexpr. The remaining P0533R9 boundary is documented in Cxx23Papers.csv: the C-named ``f``/``l`` variants and constexpr ``<cstdlib>`` ``div``/``ldiv``/``lldiv``/``labs``/``llabs`` cannot be supplied as distinct ``std`` overloads without breaking unqualified lookup against the global C declarations; P0533R9's feature-test macro consequently stays disabled. Separately, the remaining families that [cmath.syn] declares ``constexpr`` (``sqrt``, ``pow``, ``exp``, ``log``, trigonometric and hyperbolic functions, ``cbrt``, ``hypot``, ...) are compiler-blocked: the constant evaluator has no correctly-rounded primitive for them (spwn02/clang-cxx26#118)."
"`P2734R0 <https://wg21.link/P2734R0>`__","Adding the new SI prefixes","2023-06 (Varna)","|Complete|","17","`#105386 <https://github.com/llvm/llvm-project/issues/105386>`__",""
"`P2548R6 <https://wg21.link/P2548R6>`__","``copyable_function``","2023-06 (Varna)","|Complete|","","`#105387 <https://github.com/llvm/llvm-project/issues/105387>`__",""
"`P2714R1 <https://wg21.link/P2714R1>`__","Bind front and back to NTTP callables","2023-06 (Varna)","|Complete|","20","`#105388 <https://github.com/llvm/llvm-project/issues/105388>`__",""
"`P2630R4 <https://wg21.link/P2630R4>`__","``submdspan``","2023-06 (Varna)","|Complete|","","`#105389 <https://github.com/llvm/llvm-project/issues/105389>`__","Implemented against current [mdspan.sub] wording, including canonical slices, subextents, layout_stride fallback, and contiguous partial-slice layout selection."
"","","","","","",""
"`P0543R3 <https://wg21.link/P0543R3>`__","Saturation arithmetic","2023-11 (Kona)","|Complete|","18","`#105390 <https://github.com/llvm/llvm-project/issues/105390>`__",""
"`P2407R5 <https://wg21.link/P2407R5>`__","Freestanding Library: Partial Classes","2023-11 (Kona)","|Complete|","","`#105391 <https://github.com/llvm/llvm-project/issues/105391>`__","Freestanding `array`, `string_view`, and `optional` omit throwing accessors; all eight `variant` get overloads are deleted. get_if and constexpr visitation remain available. Focused hosted/freestanding variant and macro gate: 56 passed."
"`P2546R5 <https://wg21.link/P2546R5>`__","Debugging Support","2023-11 (Kona)","|Complete|","","`#105392 <https://github.com/llvm/llvm-project/issues/105392>`__",""
"`P2905R2 <https://wg21.link/P2905R2>`__","Runtime format strings","2023-11 (Kona)","|Complete|","18","`#105393 <https://github.com/llvm/llvm-project/issues/105393>`__",""
"`P2918R2 <https://wg21.link/P2918R2>`__","Runtime format strings II","2023-11 (Kona)","|Complete|","18","`#105394 <https://github.com/llvm/llvm-project/issues/105394>`__","Renamed to ``std::dynamic_format`` by P3953R3 (the old name is removed)."
"`P2909R4 <https://wg21.link/P2909R4>`__","Fix formatting of code units as integers (Dude, where’s my ``char``?)","2023-11 (Kona)","|Complete|","18","`#105395 <https://github.com/llvm/llvm-project/issues/105395>`__",""
"`P0952R2 <https://wg21.link/P0952R2>`__","A new specification for ``std::generate_canonical``","2023-11 (Kona)","|Complete|","","`#105396 <https://github.com/llvm/llvm-project/issues/105396>`__",""
"`P2447R6 <https://wg21.link/P2447R6>`__","``std::span`` over an initializer list","2023-11 (Kona)","|Complete|","18","`#105397 <https://github.com/llvm/llvm-project/issues/105397>`__",""
"`P2821R5 <https://wg21.link/P2821R5>`__","``span.at()``","2023-11 (Kona)","|Complete|","18","`#105399 <https://github.com/llvm/llvm-project/issues/105399>`__",""
"`P2868R3 <https://wg21.link/P2868R3>`__","Remove Deprecated ``std::allocator`` Typedef From C++26","2023-11 (Kona)","|Complete|","18","`#105400 <https://github.com/llvm/llvm-project/issues/105400>`__",""
"`P2870R3 <https://wg21.link/P2870R3>`__","Remove ``basic_string::reserve()`` From C++26","2023-11 (Kona)","|Complete|","18","`#105401 <https://github.com/llvm/llvm-project/issues/105401>`__",""
"`P2871R3 <https://wg21.link/P2871R3>`__","Remove Deprecated Unicode Conversion Facets from C++26","2023-11 (Kona)","|Complete|","18","`#105402 <https://github.com/llvm/llvm-project/issues/105402>`__",""
"`P2819R2 <https://wg21.link/P2819R2>`__","Add tuple protocol to complex","2023-11 (Kona)","|Complete|","19","`#105403 <https://github.com/llvm/llvm-project/issues/105403>`__",""
"`P2937R0 <https://wg21.link/P2937R0>`__","Freestanding: Remove ``strtok``","2023-11 (Kona)","|Complete|","","`#105404 <https://github.com/llvm/llvm-project/issues/105404>`__","``std::strtok`` is omitted from ``<cstring>`` under ``-ffreestanding``."
"`P2833R2 <https://wg21.link/P2833R2>`__","Freestanding Library: inout expected span","2023-11 (Kona)","|Complete|","","`#105405 <https://github.com/llvm/llvm-project/issues/105405>`__","Freestanding ``span::at`` and ``expected::value`` are deleted. ``out_ptr``/``inout_ptr``'s ``shared_ptr``-specific Mandates are now hosted-only. ``<mdspan>`` audited clean (its one exception-dependent path, ``mdspan::at``, is now hosted-only too) and confirmed all-freestanding. See spwn02/clang-cxx26#23."
"`P2836R1 <https://wg21.link/P2836R1>`__","``std::basic_const_iterator`` should follow its underlying type's convertibility","2023-11 (Kona)","","","`#105406 <https://github.com/llvm/llvm-project/issues/105406>`__",""
"`P2264R7 <https://wg21.link/P2264R7>`__","Make ``assert()`` macro user friendly for C and C++","2023-11 (Kona)","|Nothing To Do|","","`#105407 <https://github.com/llvm/llvm-project/issues/105407>`__","libc++'s ``<cassert>`` never defines ``assert`` itself -- it forwards to the platform's ``<assert.h>``, per the header's own comment (``<assert.h> is not provided by libc++``). This paper's variadic-macro requirement is satisfied transitively by the system C library; confirmed against glibc 2.44's ``/usr/include/assert.h`` (already guarded ``#if __ASSERT_VARIADIC`` for C++/GNU-extension builds) and by compiling a comma-containing ``assert(std::is_same<int,int>::value)`` with no extra parens."
"`P1673R13 <https://wg21.link/P1673R13>`__","A free function linear algebra interface based on the BLAS","2023-11 (Kona)","|Complete|","","`#105408 <https://github.com/llvm/llvm-project/issues/105408>`__","Audited 2026-09-14 against current eel.is [linalg] wording: helper types, layouts, views, all BLAS 1/2/3 overloads, preconditions, effects, aliasing remarks, and complexity. No additional implementation gaps found beyond the completed concept retrofit and P3371R5 hermitian real-if-needed fixes. P3222R0/P2642R6 are complete; __cpp_lib_linalg is 202511L. Re-verified 2026-10-05 (#243): algorithm template heads follow [linalg.syn] (explicit template arguments work), execution-policy overloads are constrained, norm Mandates and Scalar-precision intermediates, packed-layout N*(N+1) Mandates; vector_sum_of_squares removed (LWG4302)."
"","","","","","",""
"`P2875R4 <https://wg21.link/P2875R4>`__","Undeprecate ``polymorphic_allocator::destroy`` for C++26","2024-03 (Tokyo)","|Complete|","15","`#105410 <https://github.com/llvm/llvm-project/issues/105410>`__",""
"`P2867R2 <https://wg21.link/P2867R2>`__","Remove Deprecated ``strstreams`` From C++26","2024-03 (Tokyo)","|Complete|","19","`#105411 <https://github.com/llvm/llvm-project/issues/105411>`__",""
"`P2869R4 <https://wg21.link/P2869R4>`__","Remove Deprecated ``shared_ptr`` Atomic Access APIs from C++26","2024-03 (Tokyo)","|Complete|","","`#105412 <https://github.com/llvm/llvm-project/issues/105412>`__",""
"`P2872R3 <https://wg21.link/P2872R3>`__","Remove ``wstring_convert`` From C++26","2024-03 (Tokyo)","|Complete|","19","`#105413 <https://github.com/llvm/llvm-project/issues/105413>`__",""
"`P3107R5 <https://wg21.link/P3107R5>`__","Permit an efficient implementation of ``std::print``","2024-03 (Tokyo)","|Complete|","22","`#105414 <https://github.com/llvm/llvm-project/issues/105414>`__","Bounded output-iterator implementation with preserved FILE*/ostream error handling."
"`P3142R0 <https://wg21.link/P3142R0>`__","Printing Blank Lines with ``println``","2024-03 (Tokyo)","|Complete|","19","`#105415 <https://github.com/llvm/llvm-project/issues/105415>`__","Implemented as a DR against C++23. (MSVC STL and libstdc++ will do the same.)"
"`P2845R8 <https://wg21.link/P2845R8>`__","Formatting of ``std::filesystem::path``","2024-03 (Tokyo)","|Complete|","","`#105416 <https://github.com/llvm/llvm-project/issues/105416>`__",""
"`P0493R5 <https://wg21.link/P0493R5>`__","Atomic minimum/maximum","2024-03 (Tokyo)","|Complete|","","`#105418 <https://github.com/llvm/llvm-project/issues/105418>`__",""
"`P2542R8 <https://wg21.link/P2542R8>`__","``views::concat``","2024-03 (Tokyo)","|Complete|","","`#105419 <https://github.com/llvm/llvm-project/issues/105419>`__",""
"`P2591R5 <https://wg21.link/P2591R5>`__","Concatenation of strings and string views","2024-03 (Tokyo)","|Complete|","19","`#105420 <https://github.com/llvm/llvm-project/issues/105420>`__",""
"`P2248R8 <https://wg21.link/P2248R8>`__","Enabling list-initialization for algorithms","2024-03 (Tokyo)","|Complete|","","`#105421 <https://github.com/llvm/llvm-project/issues/105421>`__","Every signature the paper touches that exists in this fork has the defaulted value-type parameter: the classic non-range algorithms (including their ``ExecutionPolicy`` overloads), the 5 container ``erase()`` free functions, and all listed ``ranges::`` algorithms (``find``/``count``/``search_n``/``replace``/``replace_if``/``replace_copy``/``replace_copy_if``/``fill``/``fill_n``/``remove``/``remove_copy``/``lower_bound``/``upper_bound``/``equal_range``/``binary_search``/``contains``/``fold_left``/``fold_left_with_iter``). ``ranges::fold_right`` is the one ``[alg.fold]`` site the paper also lists, but it is not implemented in this fork at all -- a separate, pre-existing gap from P2322R6, not something this paper's diff can apply to. ``__cpp_lib_algorithm_default_value_type`` is defined (named ``__cpp_lib_default_template_type_for_algorithm_values`` in the paper, renamed in the draft; 202403L, 202603L with P3787R2). See ``docs/CXX26_GAPS.md`` Tier 6. 2026-10-05: the macro now has the name and value of the draft, also in <memory>; the old name is gone (release notes)."
"`P2810R4 <https://wg21.link/P2810R4>`__","``is_debugger_present`` ``is_replaceable``","2024-03 (Tokyo)","|Complete|","","`#105422 <https://github.com/llvm/llvm-project/issues/105422>`__",""
"`P1068R11 <https://wg21.link/P1068R11>`__","Vector API for random number generation","2024-03 (Tokyo)","|Complete|","","`#105423 <https://github.com/llvm/llvm-project/issues/105423>`__",""
"`P2944R3 <https://wg21.link/P2944R3>`__","Comparisons for ``reference_wrapper``","2024-03 (Tokyo)","|Complete|","22","`#105424 <https://github.com/llvm/llvm-project/issues/105424>`__","The changes to ``tuple``'s equality overload from P2165R4 are not yet implemented."
"`P2642R6 <https://wg21.link/P2642R6>`__","Padded ``mdspan`` layouts","2024-03 (Tokyo)","|Complete|","","`#105425 <https://github.com/llvm/llvm-project/issues/105425>`__","Rewritten 2026-10-05 against the adopted draft [mdspan.layout.leftpad]/[mdspan.layout.rightpad]: default PaddingValue, strides(), Mandates, every converting constructor, constrained operator(), is_always_exhaustive, constrained operator==, and the padded submdspan_mapping results (#241, #242)."
"`P3029R1 <https://wg21.link/P3029R1>`__","Better ``mdspan``'s CTAD","2024-03 (Tokyo)","|Complete|","19","`#105426 <https://github.com/llvm/llvm-project/issues/105426>`__",""
"","","","","","",""
"`P2747R2 <https://wg21.link/P2747R2>`__","``constexpr`` placement new","2024-06 (St. Louis)","|Complete|","20","`#105427 <https://github.com/llvm/llvm-project/issues/105427>`__",""
"`P2997R1 <https://wg21.link/P2997R1>`__","Removing the common reference requirement from the indirectly invocable concepts","2024-06 (St. Louis)","|Complete|","19","`#105428 <https://github.com/llvm/llvm-project/issues/105428>`__","Implemented as a DR against C++20. (MSVC STL and libstdc++ will do the same.)"
"`P2389R2 <https://wg21.link/P2389R2>`__","``dextents`` Index Type Parameter","2024-06 (St. Louis)","|Complete|","19","`#105429 <https://github.com/llvm/llvm-project/issues/105429>`__",""
"`P3168R2 <https://wg21.link/P3168R2>`__","Give ``std::optional`` Range Support","2024-06 (St. Louis)","|Complete|","22","`#105430 <https://github.com/llvm/llvm-project/issues/105430>`__",""
"`P3217R0 <https://wg21.link/P3217R0>`__","Adjoints to 'Enabling list-initialization for algorithms': find_last","2024-06 (St. Louis)","|Complete|","","`#105431 <https://github.com/llvm/llvm-project/issues/105431>`__","``ranges::find_last``'s value-type parameter now defaults to ``projected_value_t<I, Proj>``, matching the corrected specification. ``ranges::find_last_if``/``find_last_if_not`` take a predicate rather than a value, so neither needed this treatment."
"`P2985R0 <https://wg21.link/P2985R0>`__","A type trait for detecting virtual base classes","2024-06 (St. Louis)","|Complete|","20","`#105432 <https://github.com/llvm/llvm-project/issues/105432>`__",""
"`P0843R14 <https://wg21.link/P0843R14>`__","``inplace_vector``","2024-06 (St. Louis)","|Complete|","","`#105433 <https://github.com/llvm/llvm-project/issues/105433>`__",""
"`P3235R3 <https://wg21.link/P3235R3>`__","``std::print`` more types faster with less memory","2024-06 (St. Louis)","|Complete|","22","`#105435 <https://github.com/llvm/llvm-project/issues/105435>`__","Standard formatter types opt into direct print output; ranges remain excluded and tuple/duration use conditional opt-in. 2026-10-05 (#245 G06, G07): [format.formatter.spec] makes the trait true for every type with a library formatter unless specified otherwise, and [time.format] specifies otherwise only for duration and zoned_time, so the calendar, time_point (sys_time, utc_time, tai_time, gps_time, file_time, local_time), hh_mm_ss, sys_info and local_info formatters are enabled too (an earlier reading that they were deliberately left out was wrong; P3235R3 itself replaced provided above by provided by the library); pair and tuple follow their element types (LWG4399)."
"`P2968R2 <https://wg21.link/P2968R2>`__","Make ``std::ignore`` a first-class object","2024-06 (St. Louis)","|Complete|","19","`#105436 <https://github.com/llvm/llvm-project/issues/105436>`__",""
"`P2075R6 <https://wg21.link/P2075R6>`__","Philox as an extension of the C++ RNG engines","2024-06 (St. Louis)","|Complete|","","`#105437 <https://github.com/llvm/llvm-project/issues/105437>`__",""
"`P2422R1 <https://wg21.link/P2422R1>`__","Remove ``nodiscard`` annotations from the standard library specification","2024-06 (St. Louis)","|Complete|","19","`#105438 <https://github.com/llvm/llvm-project/issues/105438>`__","``nodiscard`` attributes were kept as a conforming extension"
"`P2300R10 <https://wg21.link/P2300R10>`__","``std::execution``","2024-06 (St. Louis)","|Complete|","","`#105440 <https://github.com/llvm/llvm-project/issues/105440>`__",""
"","","","","","",""
"`P3136R1 <https://wg21.link/P3136R1>`__","Retiring niebloids","2024-11 (Wrocław)","|Complete|","14","`#118133 <https://github.com/llvm/llvm-project/issues/118133>`__",""
"`P3138R5 <https://wg21.link/P3138R5>`__","``views::cache_latest``","2024-11 (Wrocław)","|Complete|","","`#118134 <https://github.com/llvm/llvm-project/issues/118134>`__",""
"`P3379R0 <https://wg21.link/P3379R0>`__","Constrain ``std::expected`` equality operators","2024-11 (Wrocław)","|Complete|","21","`#118135 <https://github.com/llvm/llvm-project/issues/118135>`__",""
"`P2862R1 <https://wg21.link/P2862R1>`__","``text_encoding::name()`` should never return null values","2024-11 (Wrocław)","|Complete|","","`#118371 <https://github.com/llvm/llvm-project/issues/118371>`__",""
"`P2897R7 <https://wg21.link/P2897R7>`__","``aligned_accessor``: An ``mdspan`` accessor expressing pointer over-alignment","2024-11 (Wrocław)","|Complete|","21","`#118372 <https://github.com/llvm/llvm-project/issues/118372>`__",""
"`P3355R2 <https://wg21.link/P3355R2>`__","Fix ``submdspan`` for C++26","2024-11 (Wrocław)","|Complete|","","`#118373 <https://github.com/llvm/llvm-project/issues/118373>`__","Implemented with standard layout mapping specializations and stride handling; padded-layout follow-up remains P2642R6."
"`P3222R0 <https://wg21.link/P3222R0>`__","Fix C++26 by adding transposed special cases for P2642 layouts","2024-11 (Wrocław)","|Complete|","","`#118374 <https://github.com/llvm/llvm-project/issues/118374>`__","Added padded-layout special cases to linalg::transposed."
"`P3050R2 <https://wg21.link/P3050R2>`__","Fix C++26 by optimizing ``linalg::conjugated`` for noncomplex value types","2024-11 (Wrocław)","|Complete|","","`#118375 <https://github.com/llvm/llvm-project/issues/118375>`__",""
"`P3396R1 <https://wg21.link/P3396R1>`__","``std::execution`` wording fixes","2024-11 (Wrocław)","|Complete|","","`#118376 <https://github.com/llvm/llvm-project/issues/118376>`__",""
"`P2835R7 <https://wg21.link/P2835R7>`__","Expose ``std::atomic_ref``'s object address","2024-11 (Wrocław)","|Complete|","22","`#118377 <https://github.com/llvm/llvm-project/issues/118377>`__",""
"`P3323R1 <https://wg21.link/P3323R1>`__","cv-qualified types in ``atomic`` and ``atomic_ref``","2024-11 (Wrocław)","|Complete|","","`#118378 <https://github.com/llvm/llvm-project/issues/118378>`__",""
"`P3508R0 <https://wg21.link/P3508R0>`__","Wording for ""constexpr for specialized memory algorithms""","2024-11 (Wrocław)","|Complete|","","`#118379 <https://github.com/llvm/llvm-project/issues/118379>`__",""
"`P3369R0 <https://wg21.link/P3369R0>`__","constexpr for ``uninitialized_default_construct``","2024-11 (Wrocław)","|Complete|","","`#118380 <https://github.com/llvm/llvm-project/issues/118380>`__",""
"`P3370R1 <https://wg21.link/P3370R1>`__","Add new library headers from C23","2024-11 (Wrocław)","|Complete|","","`#118381 <https://github.com/llvm/llvm-project/issues/118381>`__",""
"`P3309R3 <https://wg21.link/P3309R3>`__","constexpr ``atomic`` and ``atomic_ref``","2024-11 (Wrocław)","|Partial|","","`#118382 <https://github.com/llvm/llvm-project/issues/118382>`__","``atomic<T>`` constexpr is scoped to scalar ``T`` (class-typed ``T`` needs a clang-side constexpr extension for ``__c11_atomic_load``/etc. on class-typed ``_Atomic`` that this compiler doesn't have); ``atomic_ref<T>`` store/load/exchange work for any trivially copyable ``T``. ``atomic_flag`` is entirely out of scope (making the shared wait/notify templates constexpr breaks its declaration-order-dependent trait specialization). See ``docs/CXX26_GAPS.md`` Tier 4 for the full writeup."
"`P1928R15 <https://wg21.link/P1928R15>`__","``std::simd`` — merge data-parallel types from the Parallelism TS 2","2024-11 (Wrocław)","|Complete|","","`#118384 <https://github.com/llvm/llvm-project/issues/118384>`__","Completed 2026-09-28: range constructors and CTAD enforce constant size using P2280 unknown-reference evaluation; issue #36."
"`P3325R5 <https://wg21.link/P3325R5>`__","A Utility for Creating Execution Environments","2024-11 (Wrocław)","|Complete|","","`#118385 <https://github.com/llvm/llvm-project/issues/118385>`__",""
"`P3068R6 <https://wg21.link/P3068R6>`__","Allowing exception throwing in constant-evaluation","2024-11 (Wrocław)","|Complete|","","`#118386 <https://github.com/llvm/llvm-project/issues/118386>`__","Implemented from scratch in the classic constant evaluator (``clang/lib/AST/ExprConstant.cpp``): a new ``EvalInfo::PendingException`` field tracks an in-flight thrown value, ``ExprEvaluatorBase::VisitCXXThrowExpr`` evaluates the operand and records it without diagnosing (so it can still be caught), and ``EvaluateStmt``'s ``CXXTryStmtClass`` case matches it against handlers in order ([except.handle]p3, static-type-only -- exact type, or reference/value catch of an unambiguous public base, plus ``catch(...)``). Destructor-during-unwind correctness comes from a single, minimal change to ``ScopeRAII::~ScopeRAII()``'s existing fallback: it now runs destructors when an exception is propagating instead of always skipping them. Deliberately out of scope, as safe under-approximations (reject a valid program rather than risk accepting an invalid one): bare ``throw;`` (rethrow) and pointer/pointer-to-member exception types (not matched, so such an exception keeps propagating rather than being wrongly caught). The ByteCode interpreter (``-fexperimental-new-constant-interpreter``) is untouched by design -- both interpreters are exercised by the shared test suite and correctly diverge on this feature there. See ``docs/CXX26_GAPS.md`` Tier 7 for the full design notes, including the backtrace-preservation mechanism and the one documented ``-Winvalid-constexpr`` precision loss (a throw whose operand needs a nested constexpr call is invisible to that check's deliberately shallow, single-call-depth analysis; the real evaluator still rejects it correctly). P3378R2 (``constexpr`` exception types) remains deferred -- a separate library-side ABI restructure, not blocked by this."
"`P3247R2 <https://wg21.link/P3247R2>`__","Deprecate the notion of trivial types","2024-11 (Wrocław)","|Complete|","21","`#118387 <https://github.com/llvm/llvm-project/issues/118387>`__",""
"","","","","","",""
"`P3074R7 <https://wg21.link/P3074R7>`__","trivial unions (was ``std::uninitialized``)","2025-02 (Hagenberg)","","","`#127868 <https://github.com/llvm/llvm-project/issues/127868>`__",""
"`P1494R5 <https://wg21.link/P1494R5>`__","Partial program correctness","2025-02 (Hagenberg)","","","`#127869 <https://github.com/llvm/llvm-project/issues/127869>`__",""
"`P2900R14 <https://wg21.link/P2900R14>`__","Contracts for C++","2025-02 (Hagenberg)","|Complete|","22","`#127870 <https://github.com/llvm/llvm-project/issues/127870>`__","Ported from efcs/llvm-project's contracts-nightly fork as its own epic; see git log for docs/CONTRACTS_PORT.md (deleted on completion)."
"`P3475R2 <https://wg21.link/P3475R2>`__","Defang and deprecate ``memory_order::consume``","2025-02 (Hagenberg)","|Complete|","","`#127871 <https://github.com/llvm/llvm-project/issues/127871>`__","``memory_order::consume``/``memory_order_consume`` marked ``[[deprecated]]`` since C++26. Internal validity-check comparisons redirected to the non-deprecated raw ordinal value to avoid self-triggering the warning."
"`P2786R13 <https://wg21.link/P2786R13>`__","Trivial Relocatability For C++26","2025-02 (Hagenberg)","|Nothing To Do|","","`#127872 <https://github.com/llvm/llvm-project/issues/127872>`__","Reverted by `P3920R0 <https://wg21.link/P3920R0>`__"
"`P3137R3 <https://wg21.link/P3137R3>`__","``views::to_input``","2025-02 (Hagenberg)","|Complete|","","`#127873 <https://github.com/llvm/llvm-project/issues/127873>`__","Adopted feature is named ``views::as_input``/``__cpp_lib_ranges_as_input`` per eel.is/c++draft/version.syn -- the paper's own title (``to_input``) didn't survive wording review; implemented under the correct final name"
"`P0472R3 <https://wg21.link/P0472R3>`__","Put ``std::monostate`` in ``<utility>``","2025-02 (Hagenberg)","|Complete|","21","`#127874 <https://github.com/llvm/llvm-project/issues/127874>`__",""
"`P3349R1 <https://wg21.link/P3349R1>`__","Converting contiguous iterators to pointers","2025-02 (Hagenberg)","|Nothing To Do|","","`#127875 <https://github.com/llvm/llvm-project/issues/127875>`__","Grants permission (not a requirement) to lower contiguous ranges to pointers; libc++'s existing ``__unwrap_iter``/``__unwrap_range`` memmove-style optimizations already advance the *original* iterator (not just a derived pointer) before lowering, satisfying R1's checked-iterator constraint."
"`P3372R3 <https://wg21.link/P3372R3>`__","constexpr containers and adaptors","2025-02 (Hagenberg)","|Complete|","","`#127876 <https://github.com/llvm/llvm-project/issues/127876>`__","Closed 2026-09-07: stack/queue/priority_queue made fully constexpr (2026-09-06/07). list and forward_list are already fully constexpr via real upstream P3372R3 commits already merged into this branch (confirmed: 217x/186x _LIBCPP_CONSTEXPR_SINCE_CXX26 respectively). flat_map/flat_multimap/flat_set/flat_multiset are also already fully constexpr (confirmed by direct inspection, no missing members found) -- the prior note calling these ``unaudited`` was stale. deque made fully constexpr 2026-09-07 (backend __split_buffer was already constexpr since C++20). unordered_map/unordered_multimap/unordered_set/unordered_multiset made constexpr-usable 2026-09-07 for the common case (integral/enum/nullptr_t keys, power-of-two bucket growth via reserve(), no duplicate-key lookups) -- see docs/CXX26_GAPS.md for three documented boundaries found along the way (std::hash's union-based scalar hashing -- not a P3372R3 requirement -- __next_prime being a non-inline ABI-exported symbol, and a goto in the duplicate-key fast path that this compiler's constant evaluator rejects outright, all independent compiler/library limitations rather than gaps in this paper's own requirements). map/multimap/set/multiset also made fully constexpr 2026-09-07 (__tree backend) -- hits none of unordered_map's bucket-array/hash/goto boundaries, duplicate-key insertion works fine; does hit the same const_cast-based in-place key reuse during same-size copy-assignment unordered_map does, documented not fixed. node_handle made fully constexpr 2026-09-07 for all four map/set families except key(), excluded per CWG2514 matching upstream's own carve-out. Every container this fork tracks now has its full member surface marked constexpr as the paper requires."
"`P3378R2 <https://wg21.link/P3378R2>`__","constexpr exception types","2025-02 (Hagenberg)","|Complete|","22","`#26 <https://github.com/spwn02/clang-cxx26/issues/26>`__","C++26 constant evaluation copies exception messages into independently allocated character storage; runtime retains libc++'s existing refcounted representation and legacy exported symbols."
"`P3441R2 <https://wg21.link/P3441R2>`__","Rename ``simd_split`` to ``simd_chunk``","2025-02 (Hagenberg)","|Complete|","","`#127878 <https://github.com/llvm/llvm-project/issues/127878>`__","Audited 2026-09-06: no ``simd_split`` occurs anywhere in implementation or tests; ``chunk`` (both deduced- and explicit-width overloads) is already the only name used."
"`P3287R3 <https://wg21.link/P3287R3>`__","Exploration of namespaces for ``std::simd``","2025-02 (Hagenberg)","|Complete|","","`#127879 <https://github.com/llvm/llvm-project/issues/127879>`__","Resolved 2026-09-06 as moot: the adopted standard uses plain ``namespace std::simd``, already exactly what this fork implements."
"`P2976R1 <https://wg21.link/P2976R1>`__","Freestanding Library: ``algorithm``, ``numeric``, and ``random``","2025-02 (Hagenberg)","|Partial|","","`#127880 <https://github.com/llvm/llvm-project/issues/127880>`__","``<algorithm>`` freestanding for everything except ``stable_sort``/``stable_partition``/``inplace_merge`` (excluded: need auxiliary heap storage). ``<numeric>`` (incl. the saturation ops) already fully freestanding. ``<random>``'s required-freestanding engines/distribution and the 6 partially-freestanding engines' non-streaming surface work under ``-ffreestanding``; ``seed_seq``/``random_device``/``shuffle_order_engine``/``knuth_b`` correctly excluded. Remaining: the 6 partial engines' ``operator<<``/``operator>>`` are not yet gated out, and the FTM (``__cpp_lib_freestanding_algorithm`` and friends) is not yet flipped pending that. See spwn02/clang-cxx26#23."
"`P3430R3 <https://wg21.link/P3430R3>`__","simd issues: explicit, unsequenced, identity-element position, and members of disabled simd","2025-02 (Hagenberg)","|Complete|","","`#127881 <https://github.com/llvm/llvm-project/issues/127881>`__","Audited 2026-09-06 against adopted wording: broadcast ctor value-preserving-constrained, generator ctor explicit with one invocation per index in increasing order, identity_element positioned after binary_op, disabled specializations retain only documented members. All match."
"`P2663R7 <https://wg21.link/P2663R7>`__","Interleaved complex values support in ``std::simd``","2025-02 (Hagenberg)","|Complete|","","`#127882 <https://github.com/llvm/llvm-project/issues/127882>`__","Audited 2026-09-06: complex vector elements, construction from separate real/imaginary vectors, real()/imag() accessors/mutators, and complex math overloads all present and match adopted wording."
"`P2933R4 <https://wg21.link/P2933R4>`__","Extend ``<bit>`` header function with overloads for ``std::simd``","2025-02 (Hagenberg)","|Complete|","","`#127883 <https://github.com/llvm/llvm-project/issues/127883>`__","Corrected 2026-09-07: the 2026-09-06 audit's ``bit_reverse``/``shl``/``shr``/``bit_repeat``/``bit_compress``/``bit_expand`` gap was a false positive from ``eel.is``'s live draft absorbing already-plenary-approved **C++29** content (P3104R6, P3793R2, P3772R2 -- confirmed via each paper's GitHub plenary-approval labels, none tagged C++26) into what reads like C++26's ``[bit]``/``[simd.bit]`` clauses. P2933R4 itself only adds ``std::simd`` overloads for the C++20/23 ``<bit>`` functions that already exist (``byteswap``/``bit_ceil``/``bit_floor``/``has_single_bit``/``rotl``/``rotr``/``bit_width``/``countl_zero``/``countl_one``/``countr_zero``/``countr_one``/``popcount``), all already implemented in ``__simd/bit.h``. Nothing further to do for C++26; the 6 functions are out of scope until this fork tracks C++29."
"`P2846R6 <https://wg21.link/P2846R6>`__","``reserve_hint``: Eagerly reserving memory for not-quite-sized lazy ranges","2025-02 (Hagenberg)","|Complete|","","`#127884 <https://github.com/llvm/llvm-project/issues/127884>`__",""
"`P3471R4 <https://wg21.link/P3471R4>`__","Standard Library Hardening","2025-02 (Hagenberg)","|Complete|","","`#127885 <https://github.com/llvm/llvm-project/issues/127885>`__","Runtime checks: audited every cell of the paper's two hardened-precondition tables plus its additional-functions list against this fork's pre-existing (upstream-inherited) ``_LIBCPP_ASSERT_VALID_ELEMENT_ACCESS``-based hardening mode. Fixed two real gaps: ``inplace_vector`` (``operator[]``/``front()``/``back()``/``pop_back()``) had zero hardening in both the ``N > 0`` and ``N == 0`` specializations, and ``mdspan::operator[]``'s ``array``/``span`` overloads were unchecked (only the variadic pack overload had the precondition). ``forward_list::front()``/``pop_front()`` deliberately keep ``_LIBCPP_ASSERT_NON_NULL`` (checked in extensive/debug, not fast) rather than ``_LIBCPP_ASSERT_VALID_ELEMENT_ACCESS``: the paper does not mandate a fast/extensive/debug tier split, an empty ``forward_list``'s failure mode really is a null dereference rather than an OOB read, and changing it would be unrequested divergence from upstream. FTMs (2026-09-06): the 14 ``__cpp_lib_hardened_*`` macros are now defined at 202502L. The earlier ``|Partial|`` status was because [10.11] proposed them as literal 20????L placeholders; the adopted wording assigns concrete values, verified against eel.is/c++draft/version.syn directly. Each macro is guarded rather than unconditional, because under ``_LIBCPP_HARDENING_MODE_NONE`` libc++ is by [structure.specifications] a non-hardened implementation where these violations are plain UB, so advertising the macro would overclaim. Thirteen use ``_LIBCPP_HARDENING_MODE != _LIBCPP_HARDENING_MODE_NONE``; ``__cpp_lib_hardened_forward_list`` uses ``== EXTENSIVE || == DEBUG`` to match the ``NON_NULL`` decision above, which makes that deliberate tier choice visible in the macro instead of silently overclaiming in fast mode. Note the mode constants are deliberately not ordered, so these must be equality comparisons, never ``>=``. See ``docs/CXX26_GAPS.md`` Tier 6."
"`P0447R28 <https://wg21.link/P0447R28>`__","Introduction of ``std::hive`` to the standard library","2025-02 (Hagenberg)","|Complete|","","`#127886 <https://github.com/llvm/llvm-project/issues/127886>`__",""
"`P3019R14 <https://wg21.link/P3019R14>`__","``indirect`` and ``polymorphic``: Vocabulary Types for Composite Class Design","2025-02 (Hagenberg)","|Complete|","","`#127887 <https://github.com/llvm/llvm-project/issues/127887>`__",""
"","","","","","",""
"`P2996R13 <https://wg21.link/P2996R13>`__","Reflection for C++26","2025-06 (Sofia)","|Partial|","","`#148123 <https://github.com/llvm/llvm-project/issues/148123>`__","Open gaps include: https://github.com/spwn02/clang-cxx26/issues/185, https://github.com/spwn02/clang-cxx26/issues/196, https://github.com/spwn02/clang-cxx26/issues/210."
"`P3394R4 <https://wg21.link/P3394R4>`__","Annotations for Reflection","2025-06 (Sofia)","|Complete|","","`#148124 <https://github.com/llvm/llvm-project/issues/148124>`__",""
"`P3293R3 <https://wg21.link/P3293R3>`__","Splicing a base class subobject","2025-06 (Sofia)","|Complete|","","`#148125 <https://github.com/llvm/llvm-project/issues/148125>`__",""
"`P3491R3 <https://wg21.link/P3491R3>`__","``define_static_{string,object,array}``","2025-06 (Sofia)","|Partial|","","`#148126 <https://github.com/llvm/llvm-project/issues/148126>`__","Open gap: extract<T&&> hits a compiler assertion if the library constraint is removed (https://github.com/spwn02/clang-cxx26/issues/186, https://github.com/spwn02/clang-cxx26/issues/204)."
"`P3096R12 <https://wg21.link/P3096R12>`__","Function Parameter Reflection in Reflection for C++26","2025-06 (Sofia)","|Complete|","","`#148127 <https://github.com/llvm/llvm-project/issues/148127>`__",""
"`P2988R12 <https://wg21.link/P2988R12>`__","``std::optional<T&>``","2025-06 (Sofia)","|Complete|","22","`#148131 <https://github.com/llvm/llvm-project/issues/148131>`__","Includes the shared [optional.iterators] range support added to the primary (non-reference) ``optional<T>`` by the same paper."
"`P3348R4 <https://wg21.link/P3348R4>`__","C++26 should refer to C23 not C17","2025-06 (Sofia)","|Nothing To Do|","","`#148133 <https://github.com/llvm/llvm-project/issues/148133>`__",""
"`P3037R6 <https://wg21.link/P3037R6>`__","``constexpr`` ``std::shared_ptr`` and friends","2025-06 (Sofia)","|Complete|","22","`#148135 <https://github.com/llvm/llvm-project/issues/148135>`__","2026-10-05 (#247): every function the draft declares constexpr in [smartptr] is used in a constant expression by constexpr_surface.pass.cpp (generated from the draft); fixed unique_ptr relational operators and operator<=>, allocator-taking shared_ptr constructors (the control block is released through the allocator), scalar and array for_overwrite factories (default-initialization without the allocator), multidimensional array factories (needs the compiler fix of the same commit series), owner_equal, bad_weak_ptr, out_ptr and inout_ptr."
"`P3284R4 <https://wg21.link/P3284R4>`__","``write_env`` and ``unstoppable`` Sender Adaptors","2025-06 (Sofia)","|Complete|","","`#148136 <https://github.com/llvm/llvm-project/issues/148136>`__","Already implemented with the base P2300R10 ``std::execution`` effort; verified against P3284R4's wording for joined-environment query priority, completion-signature environment, and ``unstoppable`` expression-equivalence."
"`P3179R9 <https://wg21.link/P3179R9>`__","Parallel Range Algorithms","2025-06 (Sofia)","|Partial|","","`#148137 <https://github.com/llvm/llvm-project/issues/148137>`__","2026-10-05 (#238/#239/#240): all 146 execution-policy overloads of [algorithm.syn] exist with their draft shape (generated test ranges.all_policy_overloads.compile.pass.cpp; this added the missing is_sorted_until, min, max and minmax overloads). Bounded-output behaviour verified against the draft Returns clauses for copy, copy_n, copy_if, move, transform, replace_copy(_if), remove_copy(_if), reverse_copy, rotate_copy, merge, partition_copy, set_difference and set_intersection; the unbounded-output policy overloads (not in the draft) were removed. 2026-10-05 (#253): the Returns clauses of set_union, set_symmetric_difference, unique_copy and partial_sort_copy are compared with the draft by a literal model over every pair of small sorted multisets and every output size (ranges.bounded_returns_model.pass.cpp); this fixed the partial_sort_copy policy overload (did not compile when the input and output value types or projections differ) and the unique_copy comparator argument order; all ranges policy overloads are now C++26 only (_LIBCPP_STD_VER >= 26). The experimental PSTL stays opt-in, so __cpp_lib_parallel_algorithm 202506L stays unimplemented. Kept |Partial| like P0024R2 (the C++17 PSTL, also behind the experimental flag): all overload shapes and Returns clauses are verified against the draft, the paper is held back only because the parallel algorithms are opt-in and the macro is undefined. LWG candidates: #252 (set_difference), #256 (set_symmetric_difference, undefined K). 2026-10-05 (#248 G13): the 30 execution-policy overloads of the <memory> algorithms (12 in std, 18 in std::ranges) with the nothrow-random-access concepts; they run sequentially, exceptions terminate."
"`P3709R2 <https://wg21.link/P3709R2>`__","Reconsider parallel ``ranges::rotate_copy`` and ``ranges::reverse_copy``","2025-06 (Sofia)","|Complete|","","`#148138 <https://github.com/llvm/llvm-project/issues/148138>`__","Complete: the bounded overloads return ``reverse_copy_truncated_result<I, O>`` / ``rotate_copy_truncated_result<I, O>`` (``in_in_out_result<I, I, O>``, two template parameters as in [algorithm.syn]) and report the real positions after min(input size, output size) elements (#239)."
"`P3641R0 <https://wg21.link/P3641R0>`__","Rename ``std::observable`` to ``std::observable_checkpoint``, and add a feature-test macro","2025-06 (Sofia)","","","`#148139 <https://github.com/llvm/llvm-project/issues/148139>`__",""
"`P3044R2 <https://wg21.link/P3044R2>`__","sub-``string_view`` from ``string``","2025-06 (Sofia)","|Complete|","22","`#148140 <https://github.com/llvm/llvm-project/issues/148140>`__",""
"`P2876R3 <https://wg21.link/P2876R3>`__","Proposal to extend ``std::simd`` with more constructors and accessors","2025-06 (Sofia)","|Complete|","","`#148143 <https://github.com/llvm/llvm-project/issues/148143>`__","Completed 2026-09-28: masked and unmasked range constructors enforce constant size equal to the SIMD width; shared fix with P1928R15, issue #36."
"`P3480R6 <https://wg21.link/P3480R6>`__","``std::simd`` is a range","2025-06 (Sofia)","|Complete|","","`#148144 <https://github.com/llvm/llvm-project/issues/148144>`__","Audited 2026-09-06: __simd/iterator.h supplies the adopted exposition-only random-access-iterator surface exactly; basic_vec and basic_mask both expose begin/cbegin/end/cend."
"`P2664R11 <https://wg21.link/P2664R11>`__","Extend ``std::simd`` with permutation API","2025-06 (Sofia)","|Complete|","","`#148145 <https://github.com/llvm/llvm-project/issues/148145>`__","Completed 2026-09-28: static permute enforces constant indices and range mandates using existing P2280 evaluation, preserving runtime inputs and full index types; issue #37."
"`P3691R1 <https://wg21.link/P3691R1>`__","Reconsider naming of the namespace for ``std::simd``","2025-06 (Sofia)","|Complete|","","`#148148 <https://github.com/llvm/llvm-project/issues/148148>`__","Resolved 2026-09-06 as moot -- same finding as P3287R3."
"`P3383R3 <https://wg21.link/P3383R3>`__","``mdspan.at()``","2025-06 (Sofia)","|Complete|","","`#148149 <https://github.com/llvm/llvm-project/issues/148149>`__","Added throwing bounds-checked accessors for variadic, array, and span indices."
"`P2927R3 <https://wg21.link/P2927R3>`__","Inspecting ``exception_ptr``","2025-06 (Sofia)","|Complete|","","`#148150 <https://github.com/llvm/llvm-project/issues/148150>`__","Implemented 2026-09-12: exception_ptr_cast<E>(const exception_ptr&) via rethrow-into-catch(const E&), portable across both ABI backings, exported from the std module. Returns optional<const E&> (not the paper's original const E*), matching P3981R2's return-type revision. __cpp_lib_exception_ptr_cast is deliberately left unimplemented/commented-out in <version>: GCC's actual shipped header shows that FTM value (202603L) corresponds to a *constexpr* exception_ptr_cast, which this implementation is not (see P3748R0) -- defining the macro would over-promise to if-constexpr-gated code."
"`P3748R0 <https://wg21.link/P3748R0>`__","Inspecting ``exception_ptr`` should be constexpr","2025-06 (Sofia)","","","`#148151 <https://github.com/llvm/llvm-project/issues/148151>`__","Not started. The rethrow/catch implementation strategy used for P2927R3 fundamentally cannot be constexpr without real compile-time exception-dispatch support in the constant evaluator -- a separate, much larger piece of compiler work, not a library-side follow-up."
"`P2830R10 <https://wg21.link/P2830R10>`__","Standardized Constexpr Type Ordering","2025-06 (Sofia)","|Complete|","26","`#148152 <https://github.com/llvm/llvm-project/issues/148152>`__","Implemented `std::type_order` and `std::type_order_v` in `<compare>` using Clang's `__builtin_type_order`, including incomplete-type support and P3778R0's explicit trait body."
"`P3570R2 <https://wg21.link/P3570R2>`__","optional variants in sender/receiver","2025-06 (Sofia)","","","`#148153 <https://github.com/llvm/llvm-project/issues/148153>`__",""
"`P3481R5 <https://wg21.link/P3481R5>`__","``std::execution::bulk()`` issues","2025-06 (Sofia)","","","`#148155 <https://github.com/llvm/llvm-project/issues/148155>`__",""
"`P3433R1 <https://wg21.link/P3433R1>`__","Allocator Support for Operation States","2025-06 (Sofia)","|Complete|","","`#148157 <https://github.com/llvm/llvm-project/issues/148157>`__","Implemented 2026-09-16: allocator-aware-forward applied to hand-written just, then, and let operation-state construction; tuple elements are allocator-constructed individually."
"`P3149R11 <https://wg21.link/P3149R11>`__","``async_scope`` - Creating scopes for non-sequential concurrency","2025-06 (Sofia)","","","`#148158 <https://github.com/llvm/llvm-project/issues/148158>`__",""
"`P3682R0 <https://wg21.link/P3682R0>`__","Remove ``std::execution::split``","2025-06 (Sofia)","|Complete|","","`#148160 <https://github.com/llvm/llvm-project/issues/148160>`__","Vacuously satisfied: no execution-namespace ``split`` implementation or tests exist in ``libcxx/include`` or ``libcxx/test``."
"`P2079R10 <https://wg21.link/P2079R10>`__","Parallel scheduler","2025-06 (Sofia)","","","`#148161 <https://github.com/llvm/llvm-project/issues/148161>`__",""
"`P3557R3 <https://wg21.link/P3557R3>`__","High-Quality Sender Diagnostics with Constexpr Exceptions","2025-06 (Sofia)","|Partial|","","`#148162 <https://github.com/llvm/llvm-project/issues/148162>`__","2026-10-05: ``get_completion_signatures`` throws ``dependent_sender_error`` / an unspecified exception as in [exec.getcomplsigs], ``sender_in`` asks whether the call is a constant expression, ``dependent_sender`` is added (`#221 <https://github.com/spwn02/clang-cxx26/issues/221>`__). Open: the sender adaptors still do not throw from ``check-types`` and do not propagate a dependent child (they all report ``dependent_sender``), tracked in `#224 <https://github.com/spwn02/clang-cxx26/issues/224>`__"
"`P3560R2 <https://wg21.link/P3560R2>`__","Error Handling in Reflection","2025-06 (Sofia)","|Complete|","","`#148128 <https://github.com/llvm/llvm-project/issues/148128>`__","Every Throws clause of [meta.reflection.*] is covered by libcxx/test/std/experimental/reflection/throws-clauses-*.pass.cpp; ``from()``/``where()`` follow the wording (https://github.com/spwn02/clang-cxx26/issues/185)."
"`P3503R3 <https://wg21.link/P3503R3>`__","Make type-erased allocator use in ``promise`` and ``packaged_task`` consistent","2025-06 (Sofia)","|Complete|","","`#148164 <https://github.com/spwn02/clang-cxx26/issues/29>`__","Implemented: restored ``packaged_task``'s allocator constructor for C++26, removed ``uses_allocator<promise<R>, Alloc>``, and made ``reset()`` recreate the shared state through the allocator stored in that state, without changing ``packaged_task``'s layout."
"`P3008R6 <https://wg21.link/P3008R6>`__","Atomic floating-point min/max","2025-06 (Sofia)","|Complete|","22","`#148168 <https://github.com/llvm/llvm-project/issues/148168>`__",""
"`P3111R8 <https://wg21.link/P3111R8>`__","Atomic Reduction Operations","2025-06 (Sofia)","|Complete|","22","`#148174 <https://github.com/llvm/llvm-project/issues/148174>`__",""
"`P3060R3 <https://wg21.link/P3060R3>`__","Add ``std::views::indices(n)``","2025-06 (Sofia)","|Complete|","22","`#148175 <https://github.com/llvm/llvm-project/issues/148175>`__",""
"`P2319R5 <https://wg21.link/P2319R5>`__","Prevent ``path`` presentation problems","2025-06 (Sofia)","|Complete|","","`#148177 <https://github.com/llvm/llvm-project/issues/148177>`__","Implemented 2026-09-12: display_string()/system_encoded_string()/generic_display_string()/generic_system_encoded_string() added. On this (char-native, POSIX) platform these are necessarily byte-identical to the existing string()/generic_string() -- the lossless-vs-OS-encoding distinction the paper addresses only has teeth where value_type is wchar_t (Windows)."
"`P3223R2 <https://wg21.link/P3223R2>`__","Making ``std::istream::ignore`` less surprising","2025-06 (Sofia)","|Complete|","22","`#148178 <https://github.com/llvm/llvm-project/issues/148178>`__",""
"`P2781R9 <https://wg21.link/P2781R9>`__","``std::constant_wrapper``","2025-06 (Sofia)","|Complete|","","`#148179 <https://github.com/llvm/llvm-project/issues/148179>`__","Completed 2026-09-07: all 45 operators implemented. The 10 compound-assignment operators were blocked by a real, isolated compiler bug (dependent ``CompoundAssignOperator`` value-kind inconsistency, ``clang/lib/AST/ExprClassification.cpp:74``, a one-token ``VK_LValue``->``VK_PRValue`` fix) -- root-caused and fixed, not a library workaround. See ``docs/CXX26_GAPS.md`` Tier 6. Unverified whether this satisfies downstream P3222R0's needs -- check before treating that chain as unblocked."
"`P3697R1 <https://wg21.link/P3697R1>`__","Minor additions to C++26 standard library hardening","2025-06 (Sofia)","|Complete|","","`#148180 <https://github.com/llvm/llvm-project/issues/148180>`__","4 of 5 components: ``view_interface``/``common_iterator`` already conformant upstream; ``counted_iterator`` had 6 assertions miscategorized as ``_LIBCPP_ASSERT_UNCATEGORIZED`` (a no-op in ``fast`` mode), recategorized to ``_LIBCPP_ASSERT_VALID_ELEMENT_ACCESS``; ``shared_ptr<T[N]>::operator[]`` hardening added. ``basic_stacktrace`` is out of scope: ``<stacktrace>`` is unimplemented in this fork (P0881R7). 4 FTMs at 202506L (no ``_basic_stacktrace`` macro). See ``docs/CXX26_GAPS.md`` Tier 6."
"`P3552R3 <https://wg21.link/P3552R3>`__","Add a Coroutine Task Type","2025-06 (Sofia)","","","`#148182 <https://github.com/llvm/llvm-project/issues/148182>`__",""
"`P1317R2 <https://wg21.link/P1317R2>`__","Remove return type deduction in ``std::apply``","2025-06 (Sofia)","|Complete|","","`#148183 <https://github.com/llvm/llvm-project/issues/148183>`__","Implemented the ``apply_result`` trait and changed ``apply`` to use its explicitly substituted result type."
"","","","","","",""
"`P3920R0 <https://wg21.link/P3920R0>`__","Wording for NB comment resolution on trivial relocation","2025-11 (Kona)","|Nothing To Do|","","`#171269 <https://github.com/llvm/llvm-project/issues/171269>`__",""
"`P3016R6 <https://wg21.link/P3016R6>`__","Resolve inconsistencies in begin/end for ``valarray`` and braced initializer lists","2025-11 (Kona)","|Complete|","26","`#171271 <https://github.com/llvm/llvm-project/issues/171271>`__","Added valarray member begin()/end()/iterator/const_iterator (C++26), removed the old non-member overloads for C++26, and added conditional noexcept to the generic begin/end/rbegin/rend accessors."
"`P3567R2 <https://wg21.link/P3567R2>`__","``flat_meow`` Fixes","2025-11 (Kona)","|Complete|","22","`#171272 <https://github.com/llvm/llvm-project/issues/171272>`__",""
"`P3663R3 <https://wg21.link/P3663R3>`__","Future-proof ``submdspan_mapping``","2025-11 (Kona)","|Complete|","","`#166089 <https://github.com/llvm/llvm-project/issues/166089>`__","Canonicalize slices in submdspan before invoking mapping customizations. Re-verified 2026-10-05 against the adopted draft: slice-type Mandates, representability of constant indices, runtime range strides, hidden-friend submdspan_mapping found by ADL only; __cpp_lib_submdspan is 202603L as in the draft (#242)."
"`P3914R0 <https://wg21.link/P3914R0>`__","Assorted NB comment resolutions for Kona 2025","2025-11 (Kona)","","","`#171274 <https://github.com/llvm/llvm-project/issues/171274>`__",""
"`P3836R2 <https://wg21.link/P3836R2>`__","Make ``optional<T&>`` trivially copyable","2025-11 (Kona)","|Complete|","22","`#171275 <https://github.com/llvm/llvm-project/issues/171275>`__",""
"`P3860R1 <https://wg21.link/P3860R1>`__","Proposed Resolution for NB Comment GB13-309 ``atomic_ref<T>`` is not convertible to ``atomic_ref<const T>``","2025-11 (Kona)","|Complete|","","`#171276 <https://github.com/llvm/llvm-project/issues/171276>`__","Added the converting constructor to all 4 ``atomic_ref`` specializations, constrained on a new ``__is_similar_v`` trait (``__type_traits/is_similar.h``) and ``is_convertible_v<U*, T*>``, matching the adopted wording exactly. DR against C++20, no new FTM. See ``docs/CXX26_GAPS.md`` Tier 4."
"`P3388R3 <https://wg21.link/P3388R3>`__","When Do You Know ``connect`` Doesn’t Throw?","2025-11 (Kona)","|Complete|","26","`#171277 <https://github.com/llvm/llvm-project/issues/171277>`__","execution::receiver already conjoins is_nothrow_move_constructible_v<remove_cvref_t<_Rcvr>>, predating this fork's triage of this paper (from the original P2300R10 M2 port); verified it correctly rejects a throwing-move-constructible receiver and accepts a nothrow one. The paper's other change (an IFNDR noexcept-consistency clause on connect()) is a documentation-only contract, vacuously satisfied since no connect() in this fork declares an explicit noexcept specifier."
"`P3774R1 <https://wg21.link/P3774R1>`__","Rename ``std::nontype`` to ``std::constant_arg``","2025-11 (Kona)","|Complete|","","`#171279 <https://github.com/llvm/llvm-project/issues/171279>`__",""
"`P3819R0 <https://wg21.link/P3819R0>`__","Remove ``evaluation_exception()`` from contract-violation handling for C++26","2025-11 (Kona)","|Complete|","","`#171280 <https://github.com/llvm/llvm-project/issues/171280>`__","``contract_violation`` never had an ``evaluation_exception()`` member function to remove (verified against the paper: it only removes that member function, not the ``detection_mode::evaluation_exception`` enumerator, which correctly stays)."
"`P3612R1 <https://wg21.link/P3612R1>`__","Harmonize proxy-reference operations (LWG 3638 and 4187)","2025-11 (Kona)","|Complete|","","`#171281 <https://github.com/llvm/llvm-project/issues/171281>`__","Verified: bitset<N>::reference is a typedef for __bit_reference<__bitset> (libcxx/include/bitset), the same class vector<bool>::reference uses (libcxx/include/__bit_reference), which already has all 4 required swap overloads (LWG3638) and a const-qualified operator=(bool) (LWG4187). Confirmed with a direct compile+run test exercising both."
"`P3778R0 <https://wg21.link/P3778R0>`__","Fix for ``type_order`` template definition","2025-11 (Kona)","|Complete|","26","`#171284 <https://github.com/llvm/llvm-project/issues/171284>`__","Implemented with the explicit `type_order` class body required because `strong_ordering` is not a structural type."
"`P1789R3 <https://wg21.link/P1789R3>`__","Library Support for Expansion Statements","2025-11 (Kona)","|Complete|","22","`#167268 <https://github.com/llvm/llvm-project/issues/167268>`__",""
"`P3795R2 <https://wg21.link/P3795R2>`__","Miscellaneous Reflection Cleanup","Adopted into the C++26 draft (meeting not verified)","|Partial|","","","Probed and working: [meta.reflection.scope] current_* queries, annotations in data_member_options, annotated parameters, applicable-type traits (https://github.com/spwn02/clang-cxx26/issues/191, closed). Remaining clauses of the paper were not individually audited; related gaps: https://github.com/spwn02/clang-cxx26/issues/194."
"`P3922R1 <https://wg21.link/P3922R1>`__","Missing deduction guide from ``simd::mask`` to ``simd::vec``","2025-11 (Kona)","|Complete|","","`#171285 <https://github.com/llvm/llvm-project/issues/171285>`__","Added 2026-09-06: basic_vec(basic_mask<Bytes, Abi>) -> basic_vec<integer_from<Bytes>, Abi> per adopted [simd.ctor]/17-19."
"`P3878R1 <https://wg21.link/P3878R1>`__","Standard library hardening should not use the 'observe' semantic","2025-11 (Kona)","|Complete|","","`#171286 <https://github.com/llvm/llvm-project/issues/171286>`__",""
"`P3887R1 <https://wg21.link/P3887R1>`__","Make ``when_all`` a Ronseal Algorithm","2025-11 (Kona)","","","`#171289 <https://github.com/llvm/llvm-project/issues/171289>`__",""
"`P3923R0 <https://wg21.link/P3923R0>`__","Additional NB comment resolutions for Kona 2025","2025-11 (Kona)","","","`#171290 <https://github.com/llvm/llvm-project/issues/171290>`__",""
"`P3371R5 <https://wg21.link/P3371R5>`__","Fix C++26 by making the rank-1, rank-2, rank-k, and rank-2k updates consistent with the BLAS","2025-11 (Kona)","|Complete|","","`#171291 <https://github.com/llvm/llvm-project/issues/171291>`__","Not in this CSV at all until 2026-08-24: found by tracing the live draft's ``__cpp_lib_linalg`` value (``202511L``) back through ``cplusplus/draft`` commit history to identify what it actually requires, rather than leaving the gap between it and this fork's ``202311L`` unverified (see P1673R13's row). Of its four required changes: (1) updating (E-taking) overloads for every rank-1/2/k/2k update, (2) overwriting-not-accumulating semantics for the alpha-only overloads, and (4) alpha-only overloads plus the ``scalar``-excludes-mdspan/execution_policy constraint were already present/correct in this fork before this session (predating the P1673R13 SFINAE-retrofit work). (3) was genuinely missing: ``hermitian_matrix_rank_1_update`` and ``hermitian_matrix_rank_k_update`` used ``alpha`` directly instead of ``real-if-needed(alpha)``, and all four ``hermitian_matrix_rank_{1,2,k,2k}_update`` E-taking overloads used ``E[i, i]`` directly instead of ``real-if-needed(E[i, i])`` on the diagonal -- both meant a complex ``alpha`` or a not-quite-Hermitian ``E`` diagonal could leave a nonzero imaginary part on the result's diagonal, which is required to stay real for a Hermitian matrix. Fixed in ``libcxx/include/linalg``; added ``hermitian_real_if_needed.pass.cpp`` with inputs whose ``alpha``/``E`` diagonal have deliberately nonzero imaginary parts (the pre-existing ``rank_updates.pass.cpp`` inputs were all already real there, so the bug was untested). Item (2) (overwriting-not-accumulating) was subsequently verified by reading, not just checking, every non-E overload's body across symmetric/hermitian rank-1/2/k/2k -- all confirmed correct. Post-fix review also found the same diagnostic-omitted-real-if-needed bug is not specific to the rank-update family's ``E`` parameter: ``[linalg.general]`` paragraph 4 states the identical diagonal rule generally, for any function reading through a triangle-tagged, ``hermitian``-named matrix parameter. That covers ``hermitian_matrix_vector_product`` and all four ``hermitian_matrix_product``/``[linalg.algs.blas3.xxmm]`` overloads (whichever argument is the Hermitian factor), which had the identical unfixed stored-vs-conjugated-vs-diagonal branch. Fixed those 6 call sites too, with 3 more test cases (one per distinct index-pair shape: the vector case and both matrix-product factor orderings) verified against a scratch binary before being added to the lit test. Did not by itself unblock the ``__cpp_lib_linalg`` FTM bump to ``202511L`` at the time this note was written -- that required P3222R0/P2642R6/``std::constant_wrapper``, which landed 2026-09-14 via issue #14's mdspan/submdspan bundle; ``__cpp_lib_linalg`` is now ``202511L``, see P1673R13's row."
"`P3391R2 <https://wg21.link/P3391R2>`__","``constexpr`` ``std::format``","2025-11 (Kona)","|Complete|","","`#171292 <https://github.com/llvm/llvm-project/issues/171292>`__","2026-10-05 (#245, #246): the constexpr-enabled formatters (strings and characters including the debug presentation, integers and bool, nullptr_t, ranges and tuples) and the user-defined formatter path are usable in constant expressions (test: format.constexpr_enabled.pass.cpp); a null pointer argument is formatted by the constexpr-enabled formatter<nullptr_t>; the std::format_error constructors are constexpr (P3378R2). Known deviation: a null pointer argument is formatted by formatter<nullptr_t>, so formatting a null void* is also a constant expression (LWG candidate #258). std::range_formatter, the container adaptor and vector<bool> formatters are constexpr-enabled."
"`P3913R1 <https://wg21.link/P3913R1>`__","Optimize ``for std::optional`` in range adaptors","2025-11 (Kona)","","","`#171294 <https://github.com/llvm/llvm-project/issues/171294>`__",""
"P3372R3 follow-up (issue #9)","Constant-evaluation boundaries for hash-table and tree containers","2026-09 (C++26 fork)","|Complete|","","`#9 <https://github.com/spwn02/clang-cxx26/issues/9>`__","Sub-items (b), (c), and (d) fixed 2026-09-16: constexpr __next_prime dispatch, duplicate-key emplace control flow, and same-size copy-assignment reconstruction. Sub-item (a), scalar std::hash specializations, is handled separately."
"`P3982R2 <https://wg21.link/P3982R2>`__","Split ``strided_slice`` into ``extent_slice`` and ``range_slice`` for C++26","2026-03 (Croydon)","|Complete|","","`#242 <https://github.com/spwn02/clang-cxx26/issues/242>`__","extent_slice/range_slice, canonical slices and ``subextents`` re-verified 2026-10-05 against the adopted draft; carries ``__cpp_lib_submdspan`` 202603L."
"`P3242R4 <https://wg21.link/P3242R4>`__","Copy and fill for ``mdspan``","2026-06 (draft merge)","|Complete|","","`#244 <https://github.com/spwn02/clang-cxx26/issues/244>`__","``std::copy(src, dst)`` / ``std::fill(dst, value)`` and their execution-policy overloads (serial fallback) for ``mdspan``, ``__cpp_lib_mdspan_copy`` 202606L (#244)."
"`P3953R3 <https://wg21.link/P3953R3>`__","Rename ``std::runtime_format``","2025-11 (Kona)","|Complete|","","`#245 <https://github.com/spwn02/clang-cxx26/issues/245>`__","``std::dynamic_format`` and the exposition-only ``dynamic-format-string`` replace ``runtime_format``; the old name is removed (source break, see the release notes); ``__cpp_lib_format`` is 202603L."
"`P3787R2 <https://wg21.link/P3787R2>`__","Adjoints to Enabling list-initialization for algorithms: ``uninitialized_fill``","2026-03 (Croydon)","|Complete|","","`#248 <https://github.com/spwn02/clang-cxx26/issues/248>`__","``std::uninitialized_fill``, ``uninitialized_fill_n`` and their ``ranges::`` versions (with and without an execution policy) have the default value-type template argument."
"`P3726R2 <https://wg21.link/P3726R2>`__","Adjustments to Union Lifetime Rules","2026-03 (Croydon)","|Partial|","","`#250 <https://github.com/spwn02/clang-cxx26/issues/250>`__","2026-10-06: library part done: ``std::start_lifetime`` ([obj.lifetime], ``__cpp_lib_start_lifetime`` 202603L) on top of the new ``__builtin_start_lifetime``. Open: the language part (union elemental subobjects and constituent values; the paragraph of [class.default.ctor] that P3074R7 added, a trivial default constructor of a union beginning the lifetime of its first variant member, is removed by this paper and is still implemented)."
"`P3826R5 <https://wg21.link/P3826R5>`__","Fix Sender Algorithm Customization","2026-03 (Croydon)","|Partial|","","`#220 <https://github.com/spwn02/clang-cxx26/issues/220>`__","2026-10-05: domain machinery done (``get_completion_domain``, ``indeterminate_domain``, ``COMMON-DOMAIN``, forwarding completion queries, ``default_domain`` tag dispatch, ``transform_sender``/``apply_sender``/``connect`` exception specifications). Open: the completion queries of the other adaptors (`#262 <https://github.com/spwn02/clang-cxx26/issues/262>`__), the scheduler/sender mirror of [exec.sched] (`#261 <https://github.com/spwn02/clang-cxx26/issues/261>`__), draft gaps (`#263 <https://github.com/spwn02/clang-cxx26/issues/263>`__) and the rest of the paper (senders are not ``basic-sender``\s with ``impls-for`` customization), tracked in `#250 <https://github.com/spwn02/clang-cxx26/issues/250>`__"
"`P3986R1 <https://wg21.link/P3986R1>`__","A Wording Strategy for Inlinable Receivers","2026-03 (Croydon)","|Complete|","","`#222 <https://github.com/spwn02/clang-cxx26/issues/222>`__","2026-10-05: the ``inlinable_receiver`` concept; the library does not inline receivers (it is implementation-defined whether connect inlines a receiver)"
"`P3941R4 <https://wg21.link/P3941R4>`__","Scheduler Affinity","2026-03 (Croydon)","|Partial|","","`#250 <https://github.com/spwn02/clang-cxx26/issues/250>`__","2026-10-05: ``get_await_completion_adaptor`` and ``adapt-for-await-completion`` in ``as_awaitable`` (`#222 <https://github.com/spwn02/clang-cxx26/issues/222>`__), ``affine``/``affine_t`` with ``UNSTOPPABLE-SCHEDULER`` and ``infallible-scheduler``, used by ``task``'s ``await_transform`` (`#266 <https://github.com/spwn02/clang-cxx26/issues/266>`__; ``affine_on`` is gone, as P4151R1 renames it). The rest of the paper is audited under `#250 <https://github.com/spwn02/clang-cxx26/issues/250>`__"
"`P4151R1 <https://wg21.link/P4151R1>`__","Rename ``affine_on``","2026-03 (Croydon)","|Complete|","","`#266 <https://github.com/spwn02/clang-cxx26/issues/266>`__","2026-10-05: ``std::execution::affine`` ([exec.affine]) replaces ``affine_on``, which is removed; see P3941R4"
"`P4052R0 <https://wg21.link/P4052R0>`__","Renaming saturation arithmetic functions","2026-03 (Croydon)","|Complete|","","`#250 <https://github.com/spwn02/clang-cxx26/issues/250>`__","2026-10-06: ``add_sat``/``sub_sat``/``mul_sat``/``div_sat``/``saturate_cast`` are ``saturating_add``/``saturating_sub``/``saturating_mul``/``saturating_div``/``saturating_cast`` (the old names are removed); ``__cpp_lib_saturation_arithmetic`` is 202603L."
"`P4144R1 <https://wg21.link/P4144R1>`__","Remove ``span``'s ``initializer_list`` constructor for C++26","2026-03 (Croydon)","|Complete|","","`#250 <https://github.com/spwn02/clang-cxx26/issues/250>`__","2026-10-06: the constructors of P2447R6 and ``__cpp_lib_span_initializer_list`` are removed."
"`P3104R6 <https://wg21.link/P3104R6>`__","Bit permutations","2026-03 (Croydon)","|Complete|","","`#250 <https://github.com/spwn02/clang-cxx26/issues/250>`__","2026-10-06: ``bit_reverse``, ``bit_repeat``, ``bit_compress`` and ``bit_expand`` in ``<bit>``, ``__cpp_lib_bitops`` is 202607L; the ``<simd>`` overloads are P3772R2."
"`P3450R1 <https://wg21.link/P3450R1>`__","Extend ``std::is_within_lifetime``","2026-03 (Croydon)","|Partial|","","`#250 <https://github.com/spwn02/clang-cxx26/issues/250>`__","2026-10-06: ``is_within_lifetime<U>(p)`` with the Mandates of the paper and ``__cpp_lib_is_within_lifetime`` 202603L; the extra condition \"``static_cast<const volatile U*>(p)`` is a constant subexpression\" is not evaluated (it can only fail for a downcast to a type the object does not have), as library code cannot test it."
"`P2019R9 <https://wg21.link/P2019R9>`__","Thread attributes","2026-03 (Croydon)","|Complete|","","`#250 <https://github.com/spwn02/clang-cxx26/issues/250>`__","2026-10-06: ``thread::name_hint<char>`` and ``thread::stack_size_hint`` (also as ``jthread`` members), the constructors ``thread(attrs..., f, args...)`` and ``jthread(attrs..., f, args...)`` with the Mandates, and ``__cpp_lib_thread_attributes`` 202606L. The name is truncated to the length the OS accepts (15 characters on Linux); both hints are no-ops where the threading backend cannot apply them."
"`P3091R6 <https://wg21.link/P3091R6>`__","Better Lookups for ``map``, ``unordered_map``, and ``flat_map``","2026-06 (Brno)","|Complete|","","`#250 <https://github.com/spwn02/clang-cxx26/issues/250>`__","2026-10-06: ``lookup(key)`` and the transparent ``lookup(const K&)`` returning ``optional<mapped_type&>`` / ``optional<const mapped_type&>`` on ``map``, ``unordered_map`` and ``flat_map``; ``__cpp_lib_map_lookup`` 202606L."
"`P3842R2 <https://wg21.link/P3842R2>`__","A conservative fix for constexpr ``uncaught_exceptions()`` and ``current_exception()``","2026-03 (Croydon)","|Complete|","","`#250 <https://github.com/spwn02/clang-cxx26/issues/250>`__","2026-10-06: ``current_exception()`` and ``uncaught_exceptions()`` are not constexpr (``make_exception_ptr`` uses the constexpr exposition-only ``current-exception()``, ``__current_exception``); ``nested_exception``, ``throw_with_nested`` and ``rethrow_if_nested`` are not constexpr."
"`P3981R2 <https://wg21.link/P3981R2>`__","Better return types in ``std::inplace_vector`` and ``std::exception_ptr_cast``","2026-03 (Croydon)","|Complete|","","`#250 <https://github.com/spwn02/clang-cxx26/issues/250>`__","2026-10-06: ``try_emplace_back``/``try_push_back`` return ``optional<reference>`` and ``exception_ptr_cast`` returns ``optional<const E&>`` (already so); ``__cpp_lib_inplace_vector`` and ``__cpp_lib_exception_ptr_cast`` are 202603L."
"`P3428R4 <https://wg21.link/P3428R4>`__","Hazard Pointer Batches","2026-06 (Brno)","|Complete|","","`#250 <https://github.com/spwn02/clang-cxx26/issues/250>`__","2026-10-06: ``make_hazard_pointer_batch`` and ``clear_hazard_pointer_batch`` for ``span<hazard_pointer>``; ``__cpp_lib_hazard_pointer`` is 202606L."
"`P3936R1 <https://wg21.link/P3936R1>`__","Safer ``atomic_ref::address``","2026-03 (Croydon)","|Complete|","","`#250 <https://github.com/spwn02/clang-cxx26/issues/250>`__","2026-10-06: ``address()`` returns ``COPYCV(T, void)*``."
"`P3948R1 <https://wg21.link/P3948R1>`__","``constant_wrapper`` is the only tool needed for passing constant expressions via function arguments","2026-03 (Croydon)","|Complete|","","`#250 <https://github.com/spwn02/clang-cxx26/issues/250>`__","2026-10-06: ``function_ref`` takes ``constant_wrapper`` instead of ``constant_arg_t`` (removed, with its module export), with the Mandates on null function pointers and on constant-wrapper arguments with a constant result."
"`P3961R1 <https://wg21.link/P3961R1>`__","Less double indirection in ``function_ref``","2026-03 (Croydon)","|Complete|","","`#250 <https://github.com/spwn02/clang-cxx26/issues/250>`__","2026-10-06: a ``function_ref`` that converts to the new one (``is-convertible-from-specialization``) is copied, not referenced; deduction guides of [func.wrap.ref.deduct]; ``__cpp_lib_function_ref`` is 202604L."
"`P3978R3 <https://wg21.link/P3978R3>`__","``constant_wrapper`` should unwrap on call and subscript","2026-03 (Croydon)","|Complete|","","`#250 <https://github.com/spwn02/clang-cxx26/issues/250>`__","2026-10-06: ``operator()`` and ``operator[]`` return a ``constant_wrapper`` when all arguments are constant wrappers and the result is a constant expression, and make the plain call otherwise; ``__cpp_lib_constant_wrapper`` is 202606L."
"`P4206R0 <https://wg21.link/P4206R0>`__","Revert string support in ``std::constant_wrapper``","2026-06 (Brno)","|Complete|","","`#250 <https://github.com/spwn02/clang-cxx26/issues/250>`__","2026-10-06: no string-literal support in ``constant_wrapper`` (no deduction guide, no array constructor)."
"`P3828R1 <https://wg21.link/P3828R1>`__","Rename the ``to_input`` view to ``as_input``","2026-03 (Croydon)","|Complete|","","`#250 <https://github.com/spwn02/clang-cxx26/issues/250>`__","2026-10-06: ``as_input_view`` and ``views::as_input``; ``__cpp_lib_ranges_as_input`` (202502L)."
"`P4022R0 <https://wg21.link/P4022R0>`__","Remove ``try_append_range`` from ``inplace_vector`` for now","2026-03 (Croydon)","|Complete|","","`#250 <https://github.com/spwn02/clang-cxx26/issues/250>`__","2026-10-06: ``inplace_vector::try_append_range`` is removed."
"`P3052R2 <https://wg21.link/P3052R2>`__","``view_interface::at()``","2026-06 (Brno)","|Complete|","","`#250 <https://github.com/spwn02/clang-cxx26/issues/250>`__","2026-10-06: ``view_interface::at(range_difference_t<R>)`` (already present); the new ``__cpp_lib_view_interface`` is 202606L."
"`P3798R1 <https://wg21.link/P3798R1>`__","The unexpected in ``std::expected``","2026-06 (Brno)","|Complete|","","`#250 <https://github.com/spwn02/clang-cxx26/issues/250>`__","2026-10-06: ``expected::has_error()`` (``expected<T, E>`` and ``expected<void, E>``); ``__cpp_lib_expected`` is 202606L."
"`P3248R5 <https://wg21.link/P3248R5>`__","Require ``[u]intptr_t``","2026-06 (Brno)","|Complete|","","`#250 <https://github.com/spwn02/clang-cxx26/issues/250>`__","2026-10-06: nothing to do: ``intptr_t`` and ``uintptr_t`` and their macros are always provided."
"`P3793R2 <https://wg21.link/P3793R2>`__","Better shifting","2026-06 (Brno)","|Complete|","","`#250 <https://github.com/spwn02/clang-cxx26/issues/250>`__","2026-10-07: ``std::shl`` and ``std::shr`` in ``<bit>`` (``__bit/bit_shift.h``) and the ``simd::shl``/``simd::shr`` overloads; ``__cpp_lib_bitops`` is 202607L and ``__cpp_lib_simd_bitops`` 202607L."
"`P3772R2 <https://wg21.link/P3772R2>`__","``std::simd`` overloads for bit permutations","2026-06 (Brno)","|Complete|","","`#250 <https://github.com/spwn02/clang-cxx26/issues/250>`__","2026-10-07: ``simd::bit_reverse``, ``bit_repeat`` (lane-wise and scalar count), ``bit_compress`` and ``bit_expand`` (lane-wise and scalar mask); ``__cpp_lib_simd_bitops`` is 202607L."
"`P3690R1 <https://wg21.link/P3690R1>`__","Consistency fix: Make ``simd`` reductions SIMD-generic","2026-03 (Croydon)","|Complete|","","`#250 <https://github.com/spwn02/clang-cxx26/issues/250>`__","2026-10-07: the scalar overloads of ``simd::reduce``, ``reduce_min`` and ``reduce_max`` (already present); ``__cpp_lib_simd`` is 202606L."
"`P3319R6 <https://wg21.link/P3319R6>`__","Add an ``iota`` object for ``simd`` (and more)","2026-06 (Brno)","|Complete|","","`#250 <https://github.com/spwn02/clang-cxx26/issues/250>`__","2026-10-07: ``simd::iota<T>`` (already present)."
"`P4012R1 <https://wg21.link/P4012R1>`__","Value-preserving ``consteval`` broadcast to ``simd::vec``","2026-04 (Croydon)","|Complete|","","`#250 <https://github.com/spwn02/clang-cxx26/issues/250>`__","2026-10-07: the broadcast constructor is not ``explicit``; a constexpr-wrapper-like argument is accepted when its value is representable by ``value_type`` (not only when its type converts value-preservingly)."
"`P3932R0 <https://wg21.link/P3932R0>`__","Fix LWG4470: Fix ``integer-from`` in [simd]","2026-04 (Croydon)","|Complete|","","`#250 <https://github.com/spwn02/clang-cxx26/issues/250>`__","2026-10-07: verified: no default ABI for ``basic_mask``, ``simd::mask<T, N>`` is ``vec<T, N>::mask_type``, ``cat`` returns ``resize_t<...>`` (already present)."
"`P3844R4 <https://wg21.link/P3844R4>`__","Reword [simd.math] for consteval conversions","2026-04 (Croydon)","|Complete|","","`#250 <https://github.com/spwn02/clang-cxx26/issues/250>`__","2026-10-07: verified: ``deduced-vec-t<T>`` is ``decltype(x + x)`` and the binary overloads take ``V`` and the deduced vec type (already present)."
"`P4159R0 <https://wg21.link/P4159R0>`__","Make ``sender_in`` and ``receiver_of`` exposition-only","2026-04 (Croydon)","|Complete|","","`#250 <https://github.com/spwn02/clang-cxx26/issues/250>`__","2026-10-07: ``receiver_of`` is the exposition-only ``receiver-of`` (``__receiver_of``, not exported); ``sender_to`` does not exist; ``sender_in`` stays public as in the draft."
"`P4154R0 <https://wg21.link/P4154R0>`__","Renaming various execution things","2026-04 (Croydon)","|Complete|","","`#250 <https://github.com/spwn02/clang-cxx26/issues/250>`__","2026-10-07: verified: ``scheduler_tag``, ``receiver_tag``, ``operation_state_tag``, ``sender_tag`` and the namespace ``parallel_scheduler_replacement`` (already present)."
"`P3950R1 <https://wg21.link/P3950R1>`__","``return_value`` & ``return_void`` Are Not Mutually Exclusive","2026-06 (Brno)","|Complete|","","`#250 <https://github.com/spwn02/clang-cxx26/issues/250>`__","2026-10-07: clang: a promise type may declare both; flowing off the end of a coroutine calls ``return_void()`` when overload resolution for it succeeds and is undefined behavior otherwise; ``__cpp_impl_coroutine`` is 202606L."
"`P3424R2 <https://wg21.link/P3424R2>`__","Deallocation Functions with Throwing Exception Specification Are Ill-formed","2026-06 (Brno)","|Complete|","","`#250 <https://github.com/spwn02/clang-cxx26/issues/250>`__","2026-10-07: clang (C++26): a deallocation function with a potentially throwing exception specification is ill-formed (also when the specification is instantiated)."
"`P2953R5 <https://wg21.link/P2953R5>`__","Adding restrictions to defaulted assignment operator functions","2026-06 (Brno)","|Complete|","","`#250 <https://github.com/spwn02/clang-cxx26/issues/250>`__","2026-10-07: clang (C++26): an explicitly defaulted assignment operator may only have the ``&`` ref-qualifier, no cv-qualifiers, and parameter types as listed in [dcl.fct.def.default]; the mismatches that were deleted since C++20 are ill-formed again (except ``const C&`` where the implicit one has ``C&``)."
"","","","","","",""
